month,complaints_opened,complaints_closed,avg_days_to_close,first_contact_resolution_rate,inbound_calls,cost_to_serve_per_account,regulator_satisfaction_score_of_5
2024-10,912,476,9.1,0.62,42571,18.73,4.3
2024-11,830,760,16.5,0.611,43098,17.71,4.22
2024-12,951,873,18.4,0.602,41856,18.88,4.15
2025-01,985,927,19.5,0.593,42840,18.91,4.08
2025-02,851,840,20.1,0.584,41820,19.92,4.0
2025-03,901,901,21.4,0.575,42227,19.72,3.92
2025-04,1023,952,22.0,0.566,44644,18.79,3.85
2025-05,1004,942,23.2,0.557,43396,20.0,3.77
2025-06,982,965,23.1,0.548,45387,20.81,3.7
2025-07,1222,1062,24.9,0.539,50662,19.5,3.62
2025-08,1026,1089,26.6,0.53,47010,19.57,3.55
2025-09,1020,1000,28.6,0.521,47136,20.49,3.47
2025-10,1189,1029,27.6,0.512,49033,20.52,3.4
2025-11,940,1067,29.8,0.503,48295,21.71,3.32
2025-12,1120,1019,29.6,0.494,48825,20.67,3.25
2026-01,1177,1025,31.0,0.485,50977,21.44,3.17
2026-02,1002,1000,33.6,0.476,48137,21.18,3.1
2026-03,1171,1117,32.8,0.467,51169,22.52,3.02
2026-04,1190,1109,33.3,0.458,50476,22.89,2.95
2026-05,1049,1146,34.6,0.449,52245,21.54,2.88
2026-06,1164,1063,35.9,0.44,53421,22.4,2.8
2026-07,1271,1163,35.7,0.431,53113,22.99,2.72
2026-08,1185,1130,37.4,0.422,55014,22.9,2.65
2026-09,1251,1162,38.2,0.413,57060,23.92,2.58
