month,assistant_sessions,fully_contained_rate,escalated_to_agent_rate,abandoned_rate,repeat_contact_within_7_days_rate,assistant_csat_of_5,complaint_raised_after_session_rate
2025-01,14775,0.16,0.77,0.07,0.31,2.6,0.11
2025-02,13685,0.153,0.777,0.07,0.327,2.53,0.114
2025-03,15773,0.146,0.784,0.07,0.344,2.46,0.118
2025-04,18069,0.139,0.791,0.07,0.361,2.39,0.122
2025-05,18791,0.132,0.798,0.07,0.378,2.32,0.126
2025-06,18766,0.125,0.805,0.07,0.395,2.25,0.13
2025-07,20133,0.118,0.812,0.07,0.412,2.18,0.134
2025-08,19890,0.111,0.819,0.07,0.429,2.11,0.138
2025-09,20780,0.104,0.826,0.07,0.446,2.04,0.142
