month,region,accounts,estimated_read_rate,smart_meter_penetration,billing_exceptions_raised,systems_serving_region
2024-10,Ashford,412000,0.211,0.3,3563,SYS-02/SYS-07
2024-10,Barrowdale,298000,0.648,0.0,7911,SYS-01/SYS-06
2024-10,Calderfield,355000,0.179,0.3,2600,SYS-02/SYS-07
2024-10,Dunmoor,221000,0.558,0.0,5052,SYS-01/SYS-06
2024-10,Eastmarch,304000,0.209,0.3,2609,SYS-02/SYS-07
2024-10,Fenwick,210000,0.255,0.3,2194,SYS-02/SYS-07
2024-11,Ashford,412000,0.238,0.322,4012,SYS-02/SYS-07
2024-11,Barrowdale,298000,0.636,0.0,7767,SYS-01/SYS-06
2024-11,Calderfield,355000,0.166,0.322,2417,SYS-02/SYS-07
2024-11,Dunmoor,221000,0.623,0.0,5641,SYS-01/SYS-06
2024-11,Eastmarch,304000,0.157,0.322,1954,SYS-02/SYS-07
2024-11,Fenwick,210000,0.292,0.322,2512,SYS-02/SYS-07
2024-12,Ashford,412000,0.207,0.344,3499,SYS-02/SYS-07
2024-12,Barrowdale,298000,0.618,0.0,7545,SYS-01/SYS-06
2024-12,Calderfield,355000,0.245,0.344,3567,SYS-02/SYS-07
2024-12,Dunmoor,221000,0.602,0.0,5453,SYS-01/SYS-06
2024-12,Eastmarch,304000,0.218,0.344,2714,SYS-02/SYS-07
2024-12,Fenwick,210000,0.289,0.344,2487,SYS-02/SYS-07
2025-01,Ashford,412000,0.146,0.366,2463,SYS-02/SYS-07
2025-01,Barrowdale,298000,0.615,0.0,7512,SYS-01/SYS-06
2025-01,Calderfield,355000,0.235,0.366,3414,SYS-02/SYS-07
2025-01,Dunmoor,221000,0.58,0.0,5250,SYS-01/SYS-06
2025-01,Eastmarch,304000,0.16,0.366,1995,SYS-02/SYS-07
2025-01,Fenwick,210000,0.251,0.366,2160,SYS-02/SYS-07
2025-02,Ashford,412000,0.167,0.388,2816,SYS-02/SYS-07
2025-02,Barrowdale,298000,0.637,0.0,7779,SYS-01/SYS-06
2025-02,Calderfield,355000,0.286,0.388,4157,SYS-02/SYS-07
2025-02,Dunmoor,221000,0.567,0.0,5136,SYS-01/SYS-06
2025-02,Eastmarch,304000,0.202,0.388,2522,SYS-02/SYS-07
2025-02,Fenwick,210000,0.227,0.388,1956,SYS-02/SYS-07
2025-03,Ashford,412000,0.222,0.41,3757,SYS-02/SYS-07
2025-03,Barrowdale,298000,0.646,0.0,7888,SYS-01/SYS-06
2025-03,Calderfield,355000,0.213,0.41,3102,SYS-02/SYS-07
2025-03,Dunmoor,221000,0.634,0.0,5746,SYS-01/SYS-06
2025-03,Eastmarch,304000,0.144,0.41,1798,SYS-02/SYS-07
2025-03,Fenwick,210000,0.261,0.41,2251,SYS-02/SYS-07
2025-04,Ashford,412000,0.156,0.432,2636,SYS-02/SYS-07
2025-04,Barrowdale,298000,0.663,0.0,8099,SYS-01/SYS-06
2025-04,Calderfield,355000,0.289,0.432,4203,SYS-02/SYS-07
2025-04,Dunmoor,221000,0.561,0.0,5079,SYS-01/SYS-06
2025-04,Eastmarch,304000,0.197,0.432,2451,SYS-02/SYS-07
2025-04,Fenwick,210000,0.277,0.432,2382,SYS-02/SYS-07
2025-05,Ashford,412000,0.24,0.454,4060,SYS-02/SYS-07
2025-05,Barrowdale,298000,0.657,0.0,8032,SYS-01/SYS-06
2025-05,Calderfield,355000,0.26,0.454,3781,SYS-02/SYS-07
2025-05,Dunmoor,221000,0.611,0.0,5540,SYS-01/SYS-06
2025-05,Eastmarch,304000,0.16,0.454,1998,SYS-02/SYS-07
2025-05,Fenwick,210000,0.234,0.454,2014,SYS-02/SYS-07
2025-06,Ashford,412000,0.248,0.476,4188,SYS-02/SYS-07
2025-06,Barrowdale,298000,0.722,0.0,8821,SYS-01/SYS-06
2025-06,Calderfield,355000,0.252,0.476,3674,SYS-02/SYS-07
2025-06,Dunmoor,221000,0.593,0.0,5372,SYS-01/SYS-06
2025-06,Eastmarch,304000,0.165,0.476,2056,SYS-02/SYS-07
2025-06,Fenwick,210000,0.244,0.476,2097,SYS-02/SYS-07
2025-07,Ashford,412000,0.217,0.498,3672,SYS-02/SYS-07
2025-07,Barrowdale,298000,0.662,0.0,8088,SYS-01/SYS-06
2025-07,Calderfield,355000,0.208,0.498,3034,SYS-02/SYS-07
2025-07,Dunmoor,221000,0.588,0.0,5330,SYS-01/SYS-06
2025-07,Eastmarch,304000,0.184,0.498,2297,SYS-02/SYS-07
2025-07,Fenwick,210000,0.219,0.498,1883,SYS-02/SYS-07
2025-08,Ashford,412000,0.128,0.52,2163,SYS-02/SYS-07
2025-08,Barrowdale,298000,0.589,0.0,7198,SYS-01/SYS-06
2025-08,Calderfield,355000,0.227,0.52,3305,SYS-02/SYS-07
2025-08,Dunmoor,221000,0.551,0.0,4997,SYS-01/SYS-06
2025-08,Eastmarch,304000,0.157,0.52,1955,SYS-02/SYS-07
2025-08,Fenwick,210000,0.263,0.52,2264,SYS-02/SYS-07
2025-09,Ashford,412000,0.185,0.542,3126,SYS-02/SYS-07
2025-09,Barrowdale,298000,0.699,0.0,8544,SYS-01/SYS-06
2025-09,Calderfield,355000,0.321,0.542,4673,SYS-02/SYS-07
2025-09,Dunmoor,221000,0.561,0.0,5081,SYS-01/SYS-06
2025-09,Eastmarch,304000,0.208,0.542,2597,SYS-02/SYS-07
2025-09,Fenwick,210000,0.286,0.542,2459,SYS-02/SYS-07
2025-10,Ashford,412000,0.2,0.564,3383,SYS-02/SYS-07
2025-10,Barrowdale,298000,0.629,0.0,7685,SYS-01/SYS-06
2025-10,Calderfield,355000,0.204,0.564,2969,SYS-02/SYS-07
2025-10,Dunmoor,221000,0.639,0.0,5787,SYS-01/SYS-06
2025-10,Eastmarch,304000,0.123,0.564,1530,SYS-02/SYS-07
2025-10,Fenwick,210000,0.264,0.564,2276,SYS-02/SYS-07
2025-11,Ashford,412000,0.183,0.586,3095,SYS-02/SYS-07
2025-11,Barrowdale,298000,0.577,0.0,7048,SYS-01/SYS-06
2025-11,Calderfield,355000,0.294,0.586,4282,SYS-02/SYS-07
2025-11,Dunmoor,221000,0.556,0.0,5042,SYS-01/SYS-06
2025-11,Eastmarch,304000,0.194,0.586,2412,SYS-02/SYS-07
2025-11,Fenwick,210000,0.3,0.586,2582,SYS-02/SYS-07
2025-12,Ashford,412000,0.207,0.608,3505,SYS-02/SYS-07
2025-12,Barrowdale,298000,0.639,0.0,7804,SYS-01/SYS-06
2025-12,Calderfield,355000,0.218,0.608,3173,SYS-02/SYS-07
2025-12,Dunmoor,221000,0.552,0.0,5000,SYS-01/SYS-06
2025-12,Eastmarch,304000,0.096,0.608,1193,SYS-02/SYS-07
2025-12,Fenwick,210000,0.251,0.608,2158,SYS-02/SYS-07
2026-01,Ashford,412000,0.194,0.63,3284,SYS-02/SYS-07
2026-01,Barrowdale,298000,0.673,0.0,8218,SYS-01/SYS-06
2026-01,Calderfield,355000,0.281,0.63,4083,SYS-02/SYS-07
2026-01,Dunmoor,221000,0.629,0.0,5700,SYS-01/SYS-06
2026-01,Eastmarch,304000,0.191,0.63,2380,SYS-02/SYS-07
2026-01,Fenwick,210000,0.264,0.63,2276,SYS-02/SYS-07
2026-02,Ashford,412000,0.198,0.652,3337,SYS-02/SYS-07
2026-02,Barrowdale,298000,0.619,0.0,7567,SYS-01/SYS-06
2026-02,Calderfield,355000,0.21,0.652,3057,SYS-02/SYS-07
2026-02,Dunmoor,221000,0.533,0.0,4826,SYS-01/SYS-06
2026-02,Eastmarch,304000,0.163,0.652,2034,SYS-02/SYS-07
2026-02,Fenwick,210000,0.256,0.652,2205,SYS-02/SYS-07
2026-03,Ashford,412000,0.276,0.674,4655,SYS-02/SYS-07
2026-03,Barrowdale,298000,0.651,0.0,7950,SYS-01/SYS-06
2026-03,Calderfield,355000,0.233,0.674,3393,SYS-02/SYS-07
2026-03,Dunmoor,221000,0.626,0.0,5668,SYS-01/SYS-06
2026-03,Eastmarch,304000,0.206,0.674,2565,SYS-02/SYS-07
2026-03,Fenwick,210000,0.233,0.674,2009,SYS-02/SYS-07
2026-04,Ashford,412000,0.169,0.696,2859,SYS-02/SYS-07
2026-04,Barrowdale,298000,0.608,0.0,7431,SYS-01/SYS-06
2026-04,Calderfield,355000,0.213,0.696,3099,SYS-02/SYS-07
2026-04,Dunmoor,221000,0.587,0.0,5320,SYS-01/SYS-06
2026-04,Eastmarch,304000,0.125,0.696,1558,SYS-02/SYS-07
2026-04,Fenwick,210000,0.278,0.696,2395,SYS-02/SYS-07
2026-05,Ashford,412000,0.158,0.718,2677,SYS-02/SYS-07
2026-05,Barrowdale,298000,0.637,0.0,7785,SYS-01/SYS-06
2026-05,Calderfield,355000,0.255,0.718,3704,SYS-02/SYS-07
2026-05,Dunmoor,221000,0.599,0.0,5426,SYS-01/SYS-06
2026-05,Eastmarch,304000,0.146,0.718,1821,SYS-02/SYS-07
2026-05,Fenwick,210000,0.221,0.718,1906,SYS-02/SYS-07
2026-06,Ashford,412000,0.226,0.74,3821,SYS-02/SYS-07
2026-06,Barrowdale,298000,0.647,0.0,7908,SYS-01/SYS-06
2026-06,Calderfield,355000,0.291,0.74,4228,SYS-02/SYS-07
2026-06,Dunmoor,221000,0.594,0.0,5385,SYS-01/SYS-06
2026-06,Eastmarch,304000,0.183,0.74,2281,SYS-02/SYS-07
2026-06,Fenwick,210000,0.298,0.74,2564,SYS-02/SYS-07
2026-07,Ashford,412000,0.19,0.762,3206,SYS-02/SYS-07
2026-07,Barrowdale,298000,0.66,0.0,8069,SYS-01/SYS-06
2026-07,Calderfield,355000,0.198,0.762,2888,SYS-02/SYS-07
2026-07,Dunmoor,221000,0.6,0.0,5433,SYS-01/SYS-06
2026-07,Eastmarch,304000,0.162,0.762,2019,SYS-02/SYS-07
2026-07,Fenwick,210000,0.274,0.762,2355,SYS-02/SYS-07
2026-08,Ashford,412000,0.225,0.784,3798,SYS-02/SYS-07
2026-08,Barrowdale,298000,0.632,0.0,7724,SYS-01/SYS-06
2026-08,Calderfield,355000,0.222,0.784,3230,SYS-02/SYS-07
2026-08,Dunmoor,221000,0.534,0.0,4835,SYS-01/SYS-06
2026-08,Eastmarch,304000,0.151,0.784,1884,SYS-02/SYS-07
2026-08,Fenwick,210000,0.235,0.784,2024,SYS-02/SYS-07
2026-09,Ashford,412000,0.25,0.806,4224,SYS-02/SYS-07
2026-09,Barrowdale,298000,0.62,0.0,7571,SYS-01/SYS-06
2026-09,Calderfield,355000,0.214,0.806,3121,SYS-02/SYS-07
2026-09,Dunmoor,221000,0.615,0.0,5576,SYS-01/SYS-06
2026-09,Eastmarch,304000,0.18,0.806,2243,SYS-02/SYS-07
2026-09,Fenwick,210000,0.262,0.806,2252,SYS-02/SYS-07
